{"RuleTriggered": 0, "Violations": 0, "Details": {"pin_memory": false, "num_workers": 0, "cores": 8, "dataloaders": 1, "dataloading_time": {"p25": 0.358294, "p50": 0.4520545, "p95": 0.57801615, "probs": [1, 0, 0, 1, 0, 0, 0, 0, 0, 0, 0, 0, 0, 0, 0, 0, 0, 0, 0, 0, 0, 0, 0, 0, 0, 0, 1, 1, 0, 0, 0, 0, 1, 0, 0, 0, 0, 0, 0, 0, 0, 0, 0, 0, 0, 0, 0, 0, 0, 0, 0, 0, 0, 0, 0, 0, 0, 0, 0, 0, 0, 0, 0, 0, 0, 0, 0, 0, 0, 0, 0, 0, 0, 0, 0, 0, 0, 0, 0, 1, 0, 0, 0, 0, 0, 0, 0, 0, 1, 2, 0, 0, 0, 0, 0, 0, 0, 0, 0, 1], "binedges": [0.271592, 0.2748048, 0.2780176, 0.2812304, 0.2844432, 0.287656, 0.2908688, 0.2940816, 0.2972944, 0.3005072, 0.30372, 0.3069328, 0.3101456, 0.3133584, 0.3165712, 0.319784, 0.3229968, 0.3262096, 0.3294224, 0.3326352, 0.335848, 0.3390608, 0.3422736, 0.34548639999999997, 0.3486992, 0.351912, 0.3551248, 0.3583376, 0.3615504, 0.36476319999999995, 0.36797599999999997, 0.3711888, 0.3744016, 0.3776144, 0.3808272, 0.38404, 0.38725279999999995, 0.39046559999999997, 0.3936784, 0.3968912, 0.400104, 0.4033168, 0.4065296, 0.40974239999999995, 0.41295519999999997, 0.416168, 0.4193808, 0.4225936, 0.4258064, 0.4290192, 0.43223199999999995, 0.43544479999999997, 0.4386576, 0.4418704, 0.4450832, 0.448296, 0.4515088, 0.45472159999999995, 0.45793439999999996, 0.4611472, 0.46436, 0.4675728, 0.47078559999999997, 0.4739984, 0.47721119999999995, 0.48042399999999996, 0.4836368, 0.4868496, 0.4900624, 0.49327519999999997, 0.496488, 0.49970079999999995, 0.5029136, 0.5061264, 0.5093392, 0.512552, 0.5157647999999999, 0.5189775999999999, 0.5221903999999999, 0.5254032, 0.528616, 0.5318288, 0.5350416, 0.5382544, 0.5414672, 0.5446799999999999, 0.5478928, 0.5511056, 0.5543184, 0.5575311999999999, 0.5607439999999999, 0.5639567999999999, 0.5671695999999999, 0.5703824, 0.5735952, 0.576808, 0.5800208, 0.5832336, 0.5864464, 0.5896591999999999, 0.592872]}}, "Datapoints": 10, "RuleParameters": "min_threshold:70\nmax_threshold:200"}