{"RuleTriggered": 0, "Violations": 0, "Details": {"step_num": {"first": 1730274561532925, "last": 1730278378792108}, "job_start": 1730274468.501497, "job_end": 1730278379.501407}, "Datapoints": 962, "RuleParameters": "threshold:20"}