{"RuleTriggered": 0, "Violations": 0, "Details": {"ratio": {"cpu_functions": 100.0}, "phase": {"Step:ModeKeys.TRAIN": 58.24528673987716, "others": 37.54728894437655, "Step:ModeKeys.EVAL": 4.207424315746304}, "phase_time": {}, "CPU": {"conv2d": 9.41327191612819, "convolution": 9.411325218063746, "_convolution": 9.409435098908563, "mkldnn_convolution": 9.399301720363248, "batch_norm": 4.769339294512784, "_batch_norm_impl_index": 4.7670233950912895, "native_batch_norm": 4.763292063973677, "NativeBatchNormBackward": 5.095468758181166, "native_batch_norm_backward": 5.086715329643109, "MkldnnConvolutionBackward": 12.634260313232348, "mkldnn_convolution_backward": 12.62836651702344, "mkldnn_convolution_backward_input": 6.305518054713531, "mkldnn_convolution_backward_weights": 6.316682320164896}, "CPU_total": {"conv2d": 9816079, "convolution": 9814049, "_convolution": 9812078, "mkldnn_convolution": 9801511, "batch_norm": 4973426, "_batch_norm_impl_index": 4971011, "native_batch_norm": 4967120, "NativeBatchNormBackward": 5313511, "native_batch_norm_backward": 5304383, "MkldnnConvolutionBackward": 13174898, "mkldnn_convolution_backward": 13168752, "mkldnn_convolution_backward_input": 6575340, "mkldnn_convolution_backward_weights": 6586982}, "general": {"DataLoaderIterInitialize": 0.00014763434316136014, "DataLoaderIter": 0.2548949378120642, "Forward": 99.74495742784477}}, "Datapoints": 0, "RuleParameters": ""}