{"RuleTriggered": 51, "Violations": 735, "Details": {"step_details": {"algo-1-27": {"step_stats": {"mean": 1.1273836826923078, "max": 4.282499, "p99": 1.7060085999999999, "p95": 1.2522297999999998, "p50": 1.1017204999999999, "min": 0.122236}, "number_of_outliers": 1, "phase": "Step:ModeKeys.EVAL", "stddev": 0.36, "probs": [2, 0, 0, 1, 0, 0, 0, 0, 0, 0, 0, 0, 0, 0, 0, 0, 0, 0, 0, 0, 0, 0, 0, 0, 0, 0, 0, 0, 0, 0, 0, 0, 0, 0, 0, 0, 0, 0, 0, 0, 0, 0, 0, 0, 0, 0, 0, 0, 0, 0, 0, 0, 0, 0, 0, 0, 0, 0, 0, 0, 24, 33, 17, 9, 3, 4, 2, 1, 1, 0, 1, 1, 0, 0, 1, 1, 0, 0, 0, 0, 0, 0, 0, 0, 0, 0, 0, 0, 0, 0, 0, 0, 1, 0, 0, 0, 0, 0, 0, 1], "binedges": [0.122236, 0.13810837, 0.15398074, 0.16985311, 0.18572548, 0.20159785, 0.21747022, 0.23334259000000002, 0.24921495999999999, 0.26508733, 0.2809597, 0.29683207, 0.31270444000000003, 0.32857681, 0.34444918, 0.36032155, 0.37619392, 0.39206629000000004, 0.40793866, 0.42381103000000003, 0.4396834, 0.45555577, 0.47142814, 0.48730051, 0.50317288, 0.51904525, 0.53491762, 0.55078999, 0.56666236, 0.58253473, 0.5984071, 0.6142794699999999, 0.63015184, 0.64602421, 0.6618965800000001, 0.67776895, 0.69364132, 0.70951369, 0.72538606, 0.74125843, 0.7571308, 0.7730031700000001, 0.78887554, 0.80474791, 0.82062028, 0.8364926500000001, 0.85236502, 0.86823739, 0.8841097600000001, 0.89998213, 0.9158545, 0.93172687, 0.9475992400000001, 0.96347161, 0.97934398, 0.99521635, 1.01108872, 1.02696109, 1.04283346, 1.05870583, 1.0745782, 1.09045057, 1.1063229399999999, 1.12219531, 1.13806768, 1.15394005, 1.16981242, 1.18568479, 1.2015571600000001, 1.21742953, 1.2333019, 1.24917427, 1.26504664, 1.28091901, 1.29679138, 1.31266375, 1.32853612, 1.34440849, 1.36028086, 1.3761532300000001, 1.3920256, 1.40789797, 1.4237703400000001, 1.43964271, 1.45551508, 1.47138745, 1.48725982, 1.50313219, 1.51900456, 1.53487693, 1.5507493, 1.56662167, 1.58249404, 1.5983664100000001, 1.61423878, 1.63011115, 1.6459835200000001, 1.66185589, 1.67772826, 1.69360063, 1.709473], "step_numbers": ["0"]}}, "ratio": {}, "phase": {"Step:ModeKeys.EVAL": 100.0}, "phase_time": {}, "general": {"Forward": 100.0}}, "Datapoints": 962, "RuleParameters": "threshold:3\nmode:None\nn_outliers:10\nstddev:3"}